{
  "type": "FeatureCollection",
  "features": [
    {
      "type": "Feature",
      "geometry": {
        "type": "Polygon",
        "coordinates": [
          [
            [
              51.5161358,
              35.811834
            ],
            [
              51.5162879,
              35.812006
            ],
            [
              51.5165285,
              35.8120836
            ],
            [
              51.5170096,
              35.8122221
            ],
            [
              51.5176347,
              35.8123862
            ],
            [
              51.5181132,
              35.8124556
            ],
            [
              51.51823,
              35.8124964
            ],
            [
              51.5185374,
              35.8126175
            ],
            [
              51.5189834,
              35.8126485
            ],
            [
              51.5194144,
              35.8127083
            ],
            [
              51.5197717,
              35.812709
            ],
            [
              51.5197832,
              35.8126803
            ],
            [
              51.5199204,
              35.8126082
            ],
            [
              51.5202366,
              35.8125925
            ],
            [
              51.5206294,
              35.8125957
            ],
            [
              51.5210565,
              35.8125603
            ],
            [
              51.5210445,
              35.8124816
            ],
            [
              51.5209378,
              35.8122052
            ],
            [
              51.5207525,
              35.8118109
            ],
            [
              51.5206821,
              35.8116074
            ],
            [
              51.5205686,
              35.811403
            ],
            [
              51.5205061,
              35.8112506
            ],
            [
              51.5204815,
              35.8110742
            ],
            [
              51.520499,
              35.810996
            ],
            [
              51.5205448,
              35.8109022
            ],
            [
              51.5206115,
              35.8108065
            ],
            [
              51.5207252,
              35.810713
            ],
            [
              51.5208331,
              35.8106528
            ],
            [
              51.5209618,
              35.8106189
            ],
            [
              51.5211022,
              35.8106016
            ],
            [
              51.5213337,
              35.8106244
            ],
            [
              51.5215272,
              35.8106498
            ],
            [
              51.5218231,
              35.81067
            ],
            [
              51.5219577,
              35.8106575
            ],
            [
              51.5220556,
              35.8106172
            ],
            [
              51.5221475,
              35.8105684
            ],
            [
              51.522229,
              35.8104893
            ],
            [
              51.522281,
              35.8103818
            ],
            [
              51.5222979,
              35.8102839
            ],
            [
              51.5222973,
              35.8101813
            ],
            [
              51.5222706,
              35.8100802
            ],
            [
              51.5225569,
              35.8100251
            ],
            [
              51.522495,
              35.8099658
            ],
            [
              51.5228333,
              35.8097496
            ],
            [
              51.5240401,
              35.8088903
            ],
            [
              51.5246708,
              35.8094959
            ],
            [
              51.5249096,
              35.8097382
            ],
            [
              51.5251984,
              35.810016
            ],
            [
              51.5252045,
              35.8100356
            ],
            [
              51.5253669,
              35.8101847
            ],
            [
              51.5257222,
              35.8105289
            ],
            [
              51.5266522,
              35.8114517
            ],
            [
              51.526902,
              35.8117382
            ],
            [
              51.5269735,
              35.8117989
            ],
            [
              51.5270873,
              35.8120268
            ],
            [
              51.5271377,
              35.8121108
            ],
            [
              51.5272408,
              35.8124103
            ],
            [
              51.5274424,
              35.8126649
            ],
            [
              51.5274856,
              35.8127112
            ],
            [
              51.5275175,
              35.8128264
            ],
            [
              51.5281336,
              35.813439
            ],
            [
              51.5287165,
              35.8138139
            ],
            [
              51.52881,
              35.8138899
            ],
            [
              51.5287236,
              35.8139603
            ],
            [
              51.5297989,
              35.814656
            ],
            [
              51.5302038,
              35.815056
            ],
            [
              51.5302564,
              35.815366
            ],
            [
              51.5303526,
              35.8155653
            ],
            [
              51.530814,
              35.8154686
            ],
            [
              51.531467,
              35.8154013
            ],
            [
              51.5314525,
              35.8154778
            ],
            [
              51.5315766,
              35.8155018
            ],
            [
              51.5316538,
              35.8152475
            ],
            [
              51.5318041,
              35.8152621
            ],
            [
              51.5321887,
              35.8154961
            ],
            [
              51.5323887,
              35.8156297
            ],
            [
              51.5325434,
              35.8157238
            ],
            [
              51.5328185,
              35.8158787
            ],
            [
              51.5330257,
              35.8159695
            ],
            [
              51.5332476,
              35.8160205
            ],
            [
              51.5334768,
              35.8160348
            ],
            [
              51.5337097,
              35.8160399
            ],
            [
              51.5339313,
              35.8160267
            ],
            [
              51.5341713,
              35.8159797
            ],
            [
              51.534392,
              35.8159306
            ],
            [
              51.5341262,
              35.8153342
            ],
            [
              51.5338954,
              35.814737
            ],
            [
              51.5337049,
              35.8145475
            ],
            [
              51.5331694,
              35.8141656
            ],
            [
              51.5327396,
              35.8138965
            ],
            [
              51.5334507,
              35.8133602
            ],
            [
              51.533166,
              35.8126158
            ],
            [
              51.533029,
              35.8121842
            ],
            [
              51.5317233,
              35.8125824
            ],
            [
              51.5316319,
              35.8118788
            ],
            [
              51.5317322,
              35.8118103
            ],
            [
              51.532019,
              35.8117335
            ],
            [
              51.5319823,
              35.8114841
            ],
            [
              51.5320879,
              35.8112076
            ],
            [
              51.5320724,
              35.8110381
            ],
            [
              51.5320978,
              35.8108591
            ],
            [
              51.5320735,
              35.8104632
            ],
            [
              51.5321684,
              35.8101403
            ],
            [
              51.5322973,
              35.8100326
            ],
            [
              51.5324999,
              35.8099716
            ],
            [
              51.5326137,
              35.810053
            ],
            [
              51.5327377,
              35.8100544
            ],
            [
              51.5327778,
              35.8097634
            ],
            [
              51.5328147,
              35.8096919
            ],
            [
              51.533045,
              35.8095259
            ],
            [
              51.5330697,
              35.8094372
            ],
            [
              51.5330279,
              35.8092353
            ],
            [
              51.533035,
              35.8091616
            ],
            [
              51.533021,
              35.8091029
            ],
            [
              51.5337277,
              35.808991
            ],
            [
              51.5346781,
              35.8088845
            ],
            [
              51.5346659,
              35.8088261
            ],
            [
              51.5346872,
              35.8088106
            ],
            [
              51.535175,
              35.8089265
            ],
            [
              51.5354658,
              35.8089213
            ],
            [
              51.5355037,
              35.8089156
            ],
            [
              51.5356468,
              35.8089258
            ],
            [
              51.5357006,
              35.8089255
            ],
            [
              51.5358351,
              35.8088987
            ],
            [
              51.5359724,
              35.8088408
            ],
            [
              51.5361222,
              35.8089141
            ],
            [
              51.536269,
              35.8089707
            ],
            [
              51.5363336,
              35.8090198
            ],
            [
              51.5367188,
              35.8090956
            ],
            [
              51.5368093,
              35.8092002
            ],
            [
              51.5370624,
              35.8092099
            ],
            [
              51.5373294,
              35.8093123
            ],
            [
              51.5378776,
              35.8095453
            ],
            [
              51.5383678,
              35.809858
            ],
            [
              51.5385427,
              35.8097363
            ],
            [
              51.5372643,
              35.8084398
            ],
            [
              51.5371665,
              35.8083207
            ],
            [
              51.5370794,
              35.8081461
            ],
            [
              51.5370514,
              35.8080477
            ],
            [
              51.5370742,
              35.8079521
            ],
            [
              51.5370845,
              35.8077358
            ],
            [
              51.5370598,
              35.8075514
            ],
            [
              51.5370202,
              35.8074626
            ],
            [
              51.5369523,
              35.8072402
            ],
            [
              51.5369285,
              35.807076
            ],
            [
              51.5369845,
              35.8069497
            ],
            [
              51.5370818,
              35.8068165
            ],
            [
              51.5371685,
              35.8067274
            ],
            [
              51.5372052,
              35.8066546
            ],
            [
              51.5372709,
              35.8065804
            ],
            [
              51.5373885,
              35.8064752
            ],
            [
              51.5376048,
              35.8063703
            ],
            [
              51.537601,
              35.8062782
            ],
            [
              51.537568,
              35.8060825
            ],
            [
              51.5375675,
              35.8060104
            ],
            [
              51.5375855,
              35.8058558
            ],
            [
              51.5375399,
              35.8056653
            ],
            [
              51.537539,
              35.8055417
            ],
            [
              51.5375732,
              35.8054206
            ],
            [
              51.5372796,
              35.8053731
            ],
            [
              51.5369753,
              35.805318
            ],
            [
              51.5363611,
              35.8051909
            ],
            [
              51.5364127,
              35.8049842
            ],
            [
              51.5366855,
              35.804243
            ],
            [
              51.5367942,
              35.8038362
            ],
            [
              51.5368318,
              35.8036026
            ],
            [
              51.5368358,
              35.8034936
            ],
            [
              51.5368603,
              35.8031472
            ],
            [
              51.5368887,
              35.8028412
            ],
            [
              51.536833,
              35.8006978
            ],
            [
              51.5366744,
              35.80005
            ],
            [
              51.5366393,
              35.7997968
            ],
            [
              51.5366537,
              35.7996994
            ],
            [
              51.5366982,
              35.7995062
            ],
            [
              51.5367275,
              35.7994302
            ],
            [
              51.5367451,
              35.7994164
            ],
            [
              51.5370709,
              35.7994997
            ],
            [
              51.5371395,
              35.799304
            ],
            [
              51.5371645,
              35.7991082
            ],
            [
              51.537229,
              35.7989817
            ],
            [
              51.5372853,
              35.7989067
            ],
            [
              51.5372841,
              35.7989139
            ],
            [
              51.5373115,
              35.7989243
            ],
            [
              51.5374227,
              35.7989464
            ],
            [
              51.5376725,
              35.798917
            ],
            [
              51.5377763,
              35.79886
            ],
            [
              51.5379002,
              35.798701
            ],
            [
              51.5379414,
              35.7986216
            ],
            [
              51.5382333,
              35.7986656
            ],
            [
              51.5383722,
              35.798665
            ],
            [
              51.5382466,
              35.7985807
            ],
            [
              51.5381902,
              35.7984508
            ],
            [
              51.5381547,
              35.7983322
            ],
            [
              51.5380985,
              35.7982419
            ],
            [
              51.5378548,
              35.7981412
            ],
            [
              51.537785,
              35.7980906
            ],
            [
              51.5377499,
              35.7980285
            ],
            [
              51.5377493,
              35.797938
            ],
            [
              51.5377831,
              35.7978077
            ],
            [
              51.5378036,
              35.797751
            ],
            [
              51.5377992,
              35.7976782
            ],
            [
              51.5377593,
              35.7975543
            ],
            [
              51.5377934,
              35.7974046
            ],
            [
              51.5378322,
              35.797363
            ],
            [
              51.5379138,
              35.7973022
            ],
            [
              51.537964,
              35.7972192
            ],
            [
              51.5379831,
              35.797146
            ],
            [
              51.5380567,
              35.7970534
            ],
            [
              51.5381734,
              35.7969828
            ],
            [
              51.538259,
              35.7969442
            ],
            [
              51.5383207,
              35.7968262
            ],
            [
              51.5384097,
              35.7966985
            ],
            [
              51.5385653,
              35.7966056
            ],
            [
              51.5387095,
              35.7965572
            ],
            [
              51.5389287,
              35.7965047
            ],
            [
              51.5392015,
              35.7959872
            ],
            [
              51.5386642,
              35.79575
            ],
            [
              51.5382762,
              35.7952879
            ],
            [
              51.5380959,
              35.7952565
            ],
            [
              51.5376375,
              35.7951923
            ],
            [
              51.537507,
              35.7952349
            ],
            [
              51.5373485,
              35.7953069
            ],
            [
              51.5369393,
              35.79544
            ],
            [
              51.5366414,
              35.7955797
            ],
            [
              51.536124,
              35.7958548
            ],
            [
              51.5361161,
              35.7958398
            ],
            [
              51.5359347,
              35.79562
            ],
            [
              51.5358299,
              35.7954043
            ],
            [
              51.5358072,
              35.7953666
            ],
            [
              51.5356341,
              35.7953972
            ],
            [
              51.5354978,
              35.7954394
            ],
            [
              51.5353024,
              35.7954869
            ],
            [
              51.535203,
              35.7950911
            ],
            [
              51.5350822,
              35.794664
            ],
            [
              51.5351003,
              35.7944571
            ],
            [
              51.5351436,
              35.7942299
            ],
            [
              51.5351709,
              35.7941239
            ],
            [
              51.5352992,
              35.7938393
            ],
            [
              51.535406,
              35.793763
            ],
            [
              51.5355141,
              35.793904
            ],
            [
              51.5356045,
              35.7940114
            ],
            [
              51.5356457,
              35.794051
            ],
            [
              51.5357444,
              35.7941203
            ],
            [
              51.5357988,
              35.7941485
            ],
            [
              51.5358736,
              35.7941789
            ],
            [
              51.5359462,
              35.7941993
            ],
            [
              51.5360428,
              35.7942169
            ],
            [
              51.5362579,
              35.7942305
            ],
            [
              51.5365815,
              35.7942072
            ],
            [
              51.5369289,
              35.7941713
            ],
            [
              51.5382797,
              35.7939569
            ],
            [
              51.5382412,
              35.7937985
            ],
            [
              51.5381793,
              35.7935019
            ],
            [
              51.5381554,
              35.7932905
            ],
            [
              51.5381444,
              35.7931381
            ],
            [
              51.5381563,
              35.7930567
            ],
            [
              51.5382842,
              35.7923655
            ],
            [
              51.5370726,
              35.7921464
            ],
            [
              51.5359326,
              35.7919897
            ],
            [
              51.5354373,
              35.791929
            ],
            [
              51.5348649,
              35.7918613
            ],
            [
              51.5344222,
              35.7918146
            ],
            [
              51.5342936,
              35.7918068
            ],
            [
              51.5337212,
              35.7917891
            ],
            [
              51.5324819,
              35.791761
            ],
            [
              51.5322928,
              35.7917441
            ],
            [
              51.5321031,
              35.7917326
            ],
            [
              51.531913,
              35.7917266
            ],
            [
              51.5317228,
              35.7917259
            ],
            [
              51.5315326,
              35.7917307
            ],
            [
              51.5313428,
              35.791741
            ],
            [
              51.5310787,
              35.7917628
            ],
            [
              51.5304654,
              35.7918429
            ],
            [
              51.5302793,
              35.7918817
            ],
            [
              51.5301551,
              35.7915735
            ],
            [
              51.5297265,
              35.7903557
            ],
            [
              51.5290423,
              35.7886321
            ],
            [
              51.5284603,
              35.7870861
            ],
            [
              51.5283697,
              35.7861136
            ],
            [
              51.5283008,
              35.7848003
            ],
            [
              51.5276132,
              35.7787677
            ],
            [
              51.5272703,
              35.7773022
            ],
            [
              51.5265064,
              35.7773496
            ],
            [
              51.5226612,
              35.7775977
            ],
            [
              51.5217224,
              35.7775934
            ],
            [
              51.5205047,
              35.7780678
            ],
            [
              51.5193996,
              35.7785204
            ],
            [
              51.5189437,
              35.7787815
            ],
            [
              51.5161917,
              35.780766
            ],
            [
              51.5148881,
              35.7816755
            ],
            [
              51.5134827,
              35.7824284
            ],
            [
              51.5095828,
              35.7836643
            ],
            [
              51.5028128,
              35.7855181
            ],
            [
              51.5002486,
              35.7861578
            ],
            [
              51.4991329,
              35.7862797
            ],
            [
              51.4966921,
              35.7860708
            ],
            [
              51.4950184,
              35.7858359
            ],
            [
              51.4937407,
              35.7856652
            ],
            [
              51.4926463,
              35.7855955
            ],
            [
              51.4917461,
              35.7856792
            ],
            [
              51.4906155,
              35.7859349
            ],
            [
              51.487472,
              35.7872523
            ],
            [
              51.4847481,
              35.7883969
            ],
            [
              51.4844386,
              35.7885291
            ],
            [
              51.4837638,
              35.7888472
            ],
            [
              51.4806069,
              35.7902026
            ],
            [
              51.4794749,
              35.7904484
            ],
            [
              51.478909,
              35.790468
            ],
            [
              51.4767304,
              35.7902548
            ],
            [
              51.4764252,
              35.7902115
            ],
            [
              51.4756153,
              35.7901797
            ],
            [
              51.4741018,
              35.7902847
            ],
            [
              51.4733908,
              35.7904073
            ],
            [
              51.4725763,
              35.7906171
            ],
            [
              51.469823,
              35.791445
            ],
            [
              51.4662155,
              35.7920595
            ],
            [
              51.4653884,
              35.7922838
            ],
            [
              51.4630022,
              35.7930016
            ],
            [
              51.4618371,
              35.7931791
            ],
            [
              51.460796,
              35.7932007
            ],
            [
              51.4594124,
              35.7929648
            ],
            [
              51.4584894,
              35.7926024
            ],
            [
              51.4574759,
              35.792088
            ],
            [
              51.4560538,
              35.7911965
            ],
            [
              51.4541464,
              35.7900212
            ],
            [
              51.451681,
              35.7886351
            ],
            [
              51.4493484,
              35.7875613
            ],
            [
              51.4481874,
              35.787099
            ],
            [
              51.4459407,
              35.7863069
            ],
            [
              51.4428815,
              35.7854692
            ],
            [
              51.4405507,
              35.7849862
            ],
            [
              51.4390045,
              35.784686
            ],
            [
              51.43735,
              35.784333
            ],
            [
              51.4369016,
              35.7842246
            ],
            [
              51.4364175,
              35.7840506
            ],
            [
              51.4360861,
              35.7838755
            ],
            [
              51.4350737,
              35.783203
            ],
            [
              51.4344863,
              35.7826395
            ],
            [
              51.4336038,
              35.7816386
            ],
            [
              51.4329462,
              35.7809758
            ],
            [
              51.4325032,
              35.7805757
            ],
            [
              51.4316432,
              35.7799883
            ],
            [
              51.4310065,
              35.7796858
            ],
            [
              51.4303663,
              35.7794561
            ],
            [
              51.428414,
              35.7788078
            ],
            [
              51.4278159,
              35.7785087
            ],
            [
              51.4272282,
              35.779641
            ],
            [
              51.426209,
              35.7810533
            ],
            [
              51.4247284,
              35.7827179
            ],
            [
              51.4230161,
              35.7844137
            ],
            [
              51.4222366,
              35.7852397
            ],
            [
              51.421727,
              35.7860643
            ],
            [
              51.4208231,
              35.7880443
            ],
            [
              51.4200882,
              35.7889755
            ],
            [
              51.4191225,
              35.7897914
            ],
            [
              51.418393,
              35.7901874
            ],
            [
              51.4177171,
              35.7904811
            ],
            [
              51.4169232,
              35.7907531
            ],
            [
              51.4162755,
              35.7909102
            ],
            [
              51.4162543,
              35.7909153
            ],
            [
              51.4128515,
              35.7915538
            ],
            [
              51.4104992,
              35.7919475
            ],
            [
              51.4082542,
              35.7918932
            ],
            [
              51.407286,
              35.7918822
            ],
            [
              51.4068058,
              35.7919388
            ],
            [
              51.4060334,
              35.7922195
            ],
            [
              51.4055804,
              35.7925124
            ],
            [
              51.4042604,
              35.793366
            ],
            [
              51.4037187,
              35.7936337
            ],
            [
              51.4030374,
              35.7937903
            ],
            [
              51.4023775,
              35.7938099
            ],
            [
              51.4016104,
              35.7936315
            ],
            [
              51.4004704,
              35.7931115
            ],
            [
              51.3997688,
              35.7928107
            ],
            [
              51.3993042,
              35.7926066
            ],
            [
              51.3989738,
              35.7924675
            ],
            [
              51.3968763,
              35.7918496
            ],
            [
              51.3948191,
              35.7912687
            ],
            [
              51.3942692,
              35.791099
            ],
            [
              51.3936738,
              35.7908662
            ],
            [
              51.3932164,
              35.7906204
            ],
            [
              51.3925566,
              35.7901135
            ],
            [
              51.3922542,
              35.7897669
            ],
            [
              51.3920061,
              35.7904261
            ],
            [
              51.3915596,
              35.7911071
            ],
            [
              51.3910835,
              35.791588
            ],
            [
              51.3906235,
              35.7919383
            ],
            [
              51.3899105,
              35.7923524
            ],
            [
              51.3893846,
              35.7925525
            ],
            [
              51.3888841,
              35.7926976
            ],
            [
              51.3883449,
              35.7927889
            ],
            [
              51.387787,
              35.7928651
            ],
            [
              51.3874719,
              35.7928847
            ],
            [
              51.3870562,
              35.7928903
            ],
            [
              51.3863261,
              35.7928332
            ],
            [
              51.3856946,
              35.7927564
            ],
            [
              51.3851115,
              35.7926388
            ],
            [
              51.3851357,
              35.7927781
            ],
            [
              51.3853583,
              35.7930348
            ],
            [
              51.3854549,
              35.7931827
            ],
            [
              51.3854414,
              35.7933263
            ],
            [
              51.3858545,
              35.7939703
            ],
            [
              51.3859993,
              35.7945403
            ],
            [
              51.3860771,
              35.7947405
            ],
            [
              51.3860744,
              35.7949928
            ],
            [
              51.3863561,
              35.7954018
            ],
            [
              51.3867289,
              35.7958108
            ],
            [
              51.3870467,
              35.7962068
            ],
            [
              51.3871969,
              35.7966419
            ],
            [
              51.3868971,
              35.797524
            ],
            [
              51.3864888,
              35.7983823
            ],
            [
              51.3861737,
              35.7988444
            ],
            [
              51.3862719,
              35.7990313
            ],
            [
              51.3862405,
              35.7992079
            ],
            [
              51.386186,
              35.7994419
            ],
            [
              51.3861343,
              35.7996353
            ],
            [
              51.386056,
              35.7997977
            ],
            [
              51.3859512,
              35.7999317
            ],
            [
              51.3856833,
              35.8002379
            ],
            [
              51.3855405,
              35.8003862
            ],
            [
              51.3854473,
              35.8004748
            ],
            [
              51.3851785,
              35.8006045
            ],
            [
              51.3849447,
              35.8006959
            ],
            [
              51.3846114,
              35.8008019
            ],
            [
              51.3839976,
              35.8010472
            ],
            [
              51.3838135,
              35.8011265
            ],
            [
              51.3837554,
              35.8012173
            ],
            [
              51.3833344,
              35.8013737
            ],
            [
              51.3829735,
              35.8015428
            ],
            [
              51.3828086,
              35.8016307
            ],
            [
              51.3826918,
              35.8017002
            ],
            [
              51.3825519,
              35.8018366
            ],
            [
              51.3825112,
              35.8019083
            ],
            [
              51.382449,
              35.8019814
            ],
            [
              51.3819224,
              35.802478
            ],
            [
              51.3819345,
              35.8025566
            ],
            [
              51.3819641,
              35.8026114
            ],
            [
              51.3816871,
              35.8028795
            ],
            [
              51.3815418,
              35.8030946
            ],
            [
              51.3813611,
              35.8032837
            ],
            [
              51.3811368,
              35.8034966
            ],
            [
              51.3809062,
              35.8036787
            ],
            [
              51.3804362,
              35.8040023
            ],
            [
              51.380036,
              35.8042039
            ],
            [
              51.3793028,
              35.8045831
            ],
            [
              51.3790017,
              35.804701
            ],
            [
              51.3786566,
              35.8047951
            ],
            [
              51.3784108,
              35.804834
            ],
            [
              51.3779339,
              35.8049333
            ],
            [
              51.377732,
              35.8049698
            ],
            [
              51.3772553,
              35.8051049
            ],
            [
              51.3769396,
              35.8052203
            ],
            [
              51.3763112,
              35.8054776
            ],
            [
              51.3759668,
              35.805722
            ],
            [
              51.3757072,
              35.8059327
            ],
            [
              51.3755002,
              35.8061337
            ],
            [
              51.3751797,
              35.8064783
            ],
            [
              51.3757516,
              35.8066936
            ],
            [
              51.3755421,
              35.8069781
            ],
            [
              51.3758271,
              35.8071633
            ],
            [
              51.3761389,
              35.8068355
            ],
            [
              51.3767493,
              35.8070888
            ],
            [
              51.3774797,
              35.8073394
            ],
            [
              51.3776268,
              35.8074916
            ],
            [
              51.3777184,
              35.8076607
            ],
            [
              51.3779363,
              35.8079105
            ],
            [
              51.3780129,
              35.8080104
            ],
            [
              51.378511,
              35.8082721
            ],
            [
              51.3788684,
              35.8085142
            ],
            [
              51.3791678,
              35.808818
            ],
            [
              51.3792093,
              35.8088781
            ],
            [
              51.3793881,
              35.8089948
            ],
            [
              51.379926,
              35.8093126
            ],
            [
              51.3801869,
              35.8095642
            ],
            [
              51.3807685,
              35.8099448
            ],
            [
              51.3808211,
              35.8102063
            ],
            [
              51.3808188,
              35.8104071
            ],
            [
              51.380975,
              35.8104063
            ],
            [
              51.3811805,
              35.8103698
            ],
            [
              51.3814632,
              35.8103008
            ],
            [
              51.3816604,
              35.8106123
            ],
            [
              51.3821292,
              35.8106481
            ],
            [
              51.3821803,
              35.810674
            ],
            [
              51.3822134,
              35.8110131
            ],
            [
              51.3822172,
              35.8112217
            ],
            [
              51.3822204,
              35.8113936
            ],
            [
              51.3818851,
              35.8118103
            ],
            [
              51.3818966,
              35.8123685
            ],
            [
              51.382126,
              35.8125705
            ],
            [
              51.3823201,
              35.812547
            ],
            [
              51.3824099,
              35.8125362
            ],
            [
              51.3824859,
              35.8125321
            ],
            [
              51.3825797,
              35.812527
            ],
            [
              51.3827873,
              35.8124587
            ],
            [
              51.3830321,
              35.8122074
            ],
            [
              51.3832066,
              35.8119444
            ],
            [
              51.3832354,
              35.8118465
            ],
            [
              51.3834153,
              35.8114953
            ],
            [
              51.3836137,
              35.8113817
            ],
            [
              51.3838602,
              35.8114485
            ],
            [
              51.3839287,
              35.8110738
            ],
            [
              51.3836562,
              35.811046
            ],
            [
              51.3836696,
              35.8108438
            ],
            [
              51.3835907,
              35.810822
            ],
            [
              51.3835784,
              35.8106956
            ],
            [
              51.383502,
              35.8106505
            ],
            [
              51.3836569,
              35.8105761
            ],
            [
              51.3838346,
              35.8103871
            ],
            [
              51.384056,
              35.810143
            ],
            [
              51.3841639,
              35.8100449
            ],
            [
              51.3842998,
              35.8098143
            ],
            [
              51.3843907,
              35.8097006
            ],
            [
              51.3844666,
              35.8093117
            ],
            [
              51.3845448,
              35.8088726
            ],
            [
              51.3848184,
              35.8085137
            ],
            [
              51.3847275,
              35.8084853
            ],
            [
              51.3847644,
              35.8082562
            ],
            [
              51.3858832,
              35.8082917
            ],
            [
              51.3860299,
              35.8083285
            ],
            [
              51.3860883,
              35.808283
            ],
            [
              51.3862667,
              35.8082371
            ],
            [
              51.3866115,
              35.8083159
            ],
            [
              51.3871407,
              35.8084927
            ],
            [
              51.387651,
              35.8084985
            ],
            [
              51.387667,
              35.8092576
            ],
            [
              51.387762,
              35.8096244
            ],
            [
              51.3880504,
              35.8108096
            ],
            [
              51.3882788,
              35.8108682
            ],
            [
              51.3886507,
              35.8110772
            ],
            [
              51.3896527,
              35.8114783
            ],
            [
              51.3901166,
              35.811593
            ],
            [
              51.3902984,
              35.8116497
            ],
            [
              51.3906212,
              35.8117312
            ],
            [
              51.391313,
              35.8118969
            ],
            [
              51.3916189,
              35.811992
            ],
            [
              51.3923812,
              35.8123323
            ],
            [
              51.3925045,
              35.8123569
            ],
            [
              51.3927641,
              35.8124453
            ],
            [
              51.3927267,
              35.8129561
            ],
            [
              51.3928356,
              35.8130202
            ],
            [
              51.392947,
              35.813039
            ],
            [
              51.3930994,
              35.8130576
            ],
            [
              51.3933214,
              35.8130545
            ],
            [
              51.3934742,
              35.8130753
            ],
            [
              51.3937633,
              35.8131392
            ],
            [
              51.3941518,
              35.8132569
            ],
            [
              51.3943678,
              35.8132962
            ],
            [
              51.3944214,
              35.8132894
            ],
            [
              51.3945469,
              35.8132031
            ],
            [
              51.3945788,
              35.8131362
            ],
            [
              51.3946017,
              35.8130455
            ],
            [
              51.3946066,
              35.8130001
            ],
            [
              51.3946455,
              35.8129919
            ],
            [
              51.3949003,
              35.8128742
            ],
            [
              51.3955595,
              35.8130353
            ],
            [
              51.3963274,
              35.8131662
            ],
            [
              51.3963769,
              35.8131136
            ],
            [
              51.3967314,
              35.8131387
            ],
            [
              51.3970665,
              35.8132199
            ],
            [
              51.3974609,
              35.8132185
            ],
            [
              51.3984208,
              35.8132498
            ],
            [
              51.3984802,
              35.8132044
            ],
            [
              51.3985149,
              35.8131208
            ],
            [
              51.398644,
              35.8131657
            ],
            [
              51.3990893,
              35.8131953
            ],
            [
              51.3993827,
              35.8132921
            ],
            [
              51.3997701,
              35.813453
            ],
            [
              51.4001069,
              35.8134519
            ],
            [
              51.4001508,
              35.8134397
            ],
            [
              51.4008371,
              35.8134714
            ],
            [
              51.4010587,
              35.8134463
            ],
            [
              51.4010927,
              35.8133998
            ],
            [
              51.4011312,
              35.8133101
            ],
            [
              51.4014216,
              35.8134022
            ],
            [
              51.401867,
              35.8134365
            ],
            [
              51.4022905,
              35.8135761
            ],
            [
              51.4025433,
              35.8139638
            ],
            [
              51.4026831,
              35.8143975
            ],
            [
              51.4028475,
              35.8148004
            ],
            [
              51.4029576,
              35.8152107
            ],
            [
              51.4029795,
              35.8156966
            ],
            [
              51.4033647,
              35.8160055
            ],
            [
              51.4035246,
              35.8162891
            ],
            [
              51.4033725,
              35.8163895
            ],
            [
              51.4032878,
              35.8164327
            ],
            [
              51.4031551,
              35.8165192
            ],
            [
              51.4032976,
              35.8166259
            ],
            [
              51.4033419,
              35.8166974
            ],
            [
              51.4035797,
              35.8168182
            ],
            [
              51.4036559,
              35.8168251
            ],
            [
              51.4037027,
              35.816813
            ],
            [
              51.4037264,
              35.8168654
            ],
            [
              51.4038796,
              35.8170343
            ],
            [
              51.4039142,
              35.8170017
            ],
            [
              51.4040764,
              35.8169522
            ],
            [
              51.4043164,
              35.8168394
            ],
            [
              51.4043683,
              35.8167442
            ],
            [
              51.4045077,
              35.816691
            ],
            [
              51.4046076,
              35.816767
            ],
            [
              51.4049363,
              35.8168971
            ],
            [
              51.4049589,
              35.8167372
            ],
            [
              51.404978,
              35.8164461
            ],
            [
              51.4048339,
              35.8163393
            ],
            [
              51.4049185,
              35.8162746
            ],
            [
              51.4051138,
              35.8160902
            ],
            [
              51.4051134,
              35.8160091
            ],
            [
              51.4049971,
              35.8159971
            ],
            [
              51.4049374,
              35.8159668
            ],
            [
              51.4049279,
              35.8158141
            ],
            [
              51.4049499,
              35.8155397
            ],
            [
              51.4049914,
              35.8154278
            ],
            [
              51.4052733,
              35.8153306
            ],
            [
              51.4056356,
              35.8154106
            ],
            [
              51.4059673,
              35.8152795
            ],
            [
              51.406234,
              35.8152157
            ],
            [
              51.4063398,
              35.8152726
            ],
            [
              51.4064601,
              35.8153199
            ],
            [
              51.4070254,
              35.8153276
            ],
            [
              51.4074765,
              35.8153499
            ],
            [
              51.4077256,
              35.8153753
            ],
            [
              51.4079309,
              35.8154294
            ],
            [
              51.4086676,
              35.8157418
            ],
            [
              51.4088317,
              35.8157437
            ],
            [
              51.4090454,
              35.8157334
            ],
            [
              51.4090963,
              35.8157124
            ],
            [
              51.4094505,
              35.8156542
            ],
            [
              51.4097883,
              35.8156307
            ],
            [
              51.4105064,
              35.8157065
            ],
            [
              51.4106342,
              35.815766
            ],
            [
              51.4107724,
              35.8158926
            ],
            [
              51.410807,
              35.8160232
            ],
            [
              51.4108502,
              35.8160942
            ],
            [
              51.4109602,
              35.816161
            ],
            [
              51.4110712,
              35.816191
            ],
            [
              51.4114249,
              35.8161838
            ],
            [
              51.4117524,
              35.8161569
            ],
            [
              51.4119056,
              35.8161778
            ],
            [
              51.4121527,
              35.8162571
            ],
            [
              51.412505,
              35.8164277
            ],
            [
              51.4128311,
              35.8166126
            ],
            [
              51.4122985,
              35.8169811
            ],
            [
              51.4130592,
              35.8175415
            ],
            [
              51.4136673,
              35.8169008
            ],
            [
              51.4140697,
              35.8171189
            ],
            [
              51.4143083,
              35.8173391
            ],
            [
              51.4143999,
              35.8173574
            ],
            [
              51.414685,
              35.817533
            ],
            [
              51.4149072,
              35.8176551
            ],
            [
              51.4150608,
              35.8173523
            ],
            [
              51.415206,
              35.8171174
            ],
            [
              51.4152143,
              35.8170004
            ],
            [
              51.4153418,
              35.8168782
            ],
            [
              51.4153842,
              35.8168278
            ],
            [
              51.4154763,
              35.8167578
            ],
            [
              51.4156362,
              35.8166881
            ],
            [
              51.4157514,
              35.8166479
            ],
            [
              51.4158538,
              35.8166356
            ],
            [
              51.4158944,
              35.8166541
            ],
            [
              51.4160764,
              35.8166301
            ],
            [
              51.4161152,
              35.8166069
            ],
            [
              51.416246,
              35.8165818
            ],
            [
              51.4163629,
              35.8165313
            ],
            [
              51.4164822,
              35.816383
            ],
            [
              51.4165288,
              35.8163545
            ],
            [
              51.4165992,
              35.8163515
            ],
            [
              51.416696,
              35.8163798
            ],
            [
              51.4168116,
              35.816406
            ],
            [
              51.4169115,
              35.8164339
            ],
            [
              51.4170472,
              35.8164438
            ],
            [
              51.4174958,
              35.8164272
            ],
            [
              51.4176335,
              35.8164362
            ],
            [
              51.4177479,
              35.8164668
            ],
            [
              51.4180827,
              35.8166374
            ],
            [
              51.4182361,
              35.8167571
            ],
            [
              51.4184051,
              35.816937
            ],
            [
              51.418504,
              35.8171035
            ],
            [
              51.4185748,
              35.8172483
            ],
            [
              51.4186334,
              35.8173923
            ],
            [
              51.4186657,
              35.8174793
            ],
            [
              51.4187032,
              35.8175804
            ],
            [
              51.4187326,
              35.8177015
            ],
            [
              51.4188439,
              35.8176916
            ],
            [
              51.4190018,
              35.8176528
            ],
            [
              51.4190722,
              35.8176765
            ],
            [
              51.4191605,
              35.8177477
            ],
            [
              51.4192019,
              35.8178311
            ],
            [
              51.4192198,
              35.8178906
            ],
            [
              51.4193019,
              35.8179118
            ],
            [
              51.4193317,
              35.818
            ],
            [
              51.4194166,
              35.8179973
            ],
            [
              51.4194435,
              35.8180974
            ],
            [
              51.4194264,
              35.8181953
            ],
            [
              51.4193595,
              35.8182814
            ],
            [
              51.4193306,
              35.8183483
            ],
            [
              51.4193722,
              35.818465
            ],
            [
              51.4194254,
              35.8185626
            ],
            [
              51.419537,
              35.8186028
            ],
            [
              51.4197025,
              35.818728
            ],
            [
              51.4199534,
              35.8189057
            ],
            [
              51.420044,
              35.8188767
            ],
            [
              51.4200486,
              35.819194
            ],
            [
              51.4198807,
              35.819562
            ],
            [
              51.4198462,
              35.819679
            ],
            [
              51.4199872,
              35.819762
            ],
            [
              51.4201427,
              35.8198091
            ],
            [
              51.4202538,
              35.8197801
            ],
            [
              51.4204964,
              35.8196767
            ],
            [
              51.4206021,
              35.8197217
            ],
            [
              51.420661,
              35.8197859
            ],
            [
              51.4206501,
              35.8199362
            ],
            [
              51.4206183,
              35.8200293
            ],
            [
              51.4207038,
              35.820134
            ],
            [
              51.4206927,
              35.820239
            ],
            [
              51.4205535,
              35.820509
            ],
            [
              51.4205189,
              35.8206213
            ],
            [
              51.4205251,
              35.8206857
            ],
            [
              51.420546,
              35.8207596
            ],
            [
              51.4205727,
              35.8208215
            ],
            [
              51.4206344,
              35.8208547
            ],
            [
              51.4208425,
              35.8208802
            ],
            [
              51.4209743,
              35.8208869
            ],
            [
              51.4210799,
              35.8209056
            ],
            [
              51.4211475,
              35.820948
            ],
            [
              51.4211651,
              35.8210625
            ],
            [
              51.421298,
              35.8211648
            ],
            [
              51.4212277,
              35.8211722
            ],
            [
              51.4211956,
              35.8211914
            ],
            [
              51.4211991,
              35.8213012
            ],
            [
              51.4212493,
              35.821363
            ],
            [
              51.4213429,
              35.8213508
            ],
            [
              51.4214658,
              35.8213265
            ],
            [
              51.4216207,
              35.8212591
            ],
            [
              51.4218896,
              35.8211604
            ],
            [
              51.4220681,
              35.8211168
            ],
            [
              51.4221409,
              35.8210331
            ],
            [
              51.4221753,
              35.8209017
            ],
            [
              51.4221782,
              35.8207516
            ],
            [
              51.4222236,
              35.8206201
            ],
            [
              51.422338,
              35.8204894
            ],
            [
              51.4224893,
              35.8204545
            ],
            [
              51.4225707,
              35.8204405
            ],
            [
              51.4226156,
              35.8203507
            ],
            [
              51.422778,
              35.8203166
            ],
            [
              51.4228341,
              35.8203654
            ],
            [
              51.4228761,
              35.8204818
            ],
            [
              51.4228044,
              35.820589
            ],
            [
              51.4228743,
              35.8207061
            ],
            [
              51.4228543,
              35.8207968
            ],
            [
              51.4229013,
              35.8208276
            ],
            [
              51.4229694,
              35.8209681
            ],
            [
              51.4230458,
              35.8210013
            ],
            [
              51.4231248,
              35.8209962
            ],
            [
              51.4231832,
              35.8209554
            ],
            [
              51.4232823,
              35.8208645
            ],
            [
              51.4233284,
              35.8207283
            ],
            [
              51.4235697,
              35.8206482
            ],
            [
              51.4237819,
              35.8206624
            ],
            [
              51.4238788,
              35.8206787
            ],
            [
              51.4239348,
              35.8207429
            ],
            [
              51.4239586,
              35.8208167
            ],
            [
              51.423942,
              35.8209933
            ],
            [
              51.4238343,
              35.8213581
            ],
            [
              51.4237343,
              35.8215833
            ],
            [
              51.4236654,
              35.8216213
            ],
            [
              51.4236352,
              35.8215974
            ],
            [
              51.4233838,
              35.8217706
            ],
            [
              51.4233548,
              35.8218256
            ],
            [
              51.4234038,
              35.8218895
            ],
            [
              51.4235413,
              35.8222018
            ],
            [
              51.4236172,
              35.8222973
            ],
            [
              51.4237329,
              35.8224302
            ],
            [
              51.4237121,
              35.8224805
            ],
            [
              51.423543,
              35.8225167
            ],
            [
              51.4232815,
              35.822574
            ],
            [
              51.4233366,
              35.8226756
            ],
            [
              51.4233624,
              35.822785
            ],
            [
              51.4234285,
              35.8229038
            ],
            [
              51.4235204,
              35.8229504
            ],
            [
              51.4236209,
              35.8230296
            ],
            [
              51.4237617,
              35.8233231
            ],
            [
              51.4237301,
              35.8234232
            ],
            [
              51.4237818,
              35.8235583
            ],
            [
              51.4237215,
              35.8236864
            ],
            [
              51.4238335,
              35.8239147
            ],
            [
              51.4237556,
              35.8243375
            ],
            [
              51.4237116,
              35.8243717
            ],
            [
              51.4235275,
              35.8247078
            ],
            [
              51.4235352,
              35.8247714
            ],
            [
              51.4236336,
              35.824889
            ],
            [
              51.4238186,
              35.8248999
            ],
            [
              51.4240054,
              35.8250267
            ],
            [
              51.4241943,
              35.8249658
            ],
            [
              51.4243264,
              35.8251025
            ],
            [
              51.4244503,
              35.8251947
            ],
            [
              51.4245112,
              35.8251453
            ],
            [
              51.4247265,
              35.8253297
            ],
            [
              51.4248558,
              35.8252947
            ],
            [
              51.4252996,
              35.8256594
            ],
            [
              51.4254256,
              35.8256661
            ],
            [
              51.425548,
              35.8260619
            ],
            [
              51.4253695,
              35.8261339
            ],
            [
              51.425379,
              35.8262626
            ],
            [
              51.4255247,
              35.8266677
            ],
            [
              51.4257765,
              35.8266572
            ],
            [
              51.4257862,
              35.8268123
            ],
            [
              51.4258102,
              35.8269243
            ],
            [
              51.4258723,
              35.8270338
            ],
            [
              51.4260174,
              35.8273339
            ],
            [
              51.4260829,
              35.8275269
            ],
            [
              51.4264746,
              35.8275912
            ],
            [
              51.4268775,
              35.8274721
            ],
            [
              51.4270499,
              35.8271457
            ],
            [
              51.4272797,
              35.82668
            ],
            [
              51.4275193,
              35.8265973
            ],
            [
              51.4274222,
              35.8260001
            ],
            [
              51.4273596,
              35.8259502
            ],
            [
              51.4274386,
              35.8257104
            ],
            [
              51.4276199,
              35.8256188
            ],
            [
              51.4278353,
              35.8254715
            ],
            [
              51.4277587,
              35.8253954
            ],
            [
              51.4278462,
              35.8253188
            ],
            [
              51.4277159,
              35.8252371
            ],
            [
              51.4276493,
              35.8252002
            ],
            [
              51.4278069,
              35.8250947
            ],
            [
              51.4279274,
              35.8251706
            ],
            [
              51.4281051,
              35.8249934
            ],
            [
              51.4282516,
              35.8249953
            ],
            [
              51.4283142,
              35.8246611
            ],
            [
              51.4283491,
              35.8246037
            ],
            [
              51.4284337,
              35.8245366
            ],
            [
              51.4285534,
              35.824467
            ],
            [
              51.4288545,
              35.824349
            ],
            [
              51.4290212,
              35.8243007
            ],
            [
              51.4291847,
              35.8242023
            ],
            [
              51.4293688,
              35.8241087
            ],
            [
              51.4294913,
              35.8240247
            ],
            [
              51.4295965,
              35.8239742
            ],
            [
              51.4298907,
              35.8237391
            ],
            [
              51.430037,
              35.8236435
            ],
            [
              51.4304457,
              35.8235186
            ],
            [
              51.4307626,
              35.8233478
            ],
            [
              51.4313163,
              35.8229702
            ],
            [
              51.431342,
              35.8228492
            ],
            [
              51.4314251,
              35.8227636
            ],
            [
              51.4315627,
              35.8225025
            ],
            [
              51.4320978,
              35.8223288
            ],
            [
              51.432139,
              35.8223668
            ],
            [
              51.4322632,
              35.8225858
            ],
            [
              51.4324297,
              35.8228177
            ],
            [
              51.4327257,
              35.8230684
            ],
            [
              51.4328078,
              35.8230777
            ],
            [
              51.4328897,
              35.8230607
            ],
            [
              51.4329393,
              35.82302
            ],
            [
              51.4333441,
              35.8233762
            ],
            [
              51.4338551,
              35.8239112
            ],
            [
              51.4344076,
              35.8242504
            ],
            [
              51.4345944,
              35.8245678
            ],
            [
              51.4350542,
              35.8246309
            ],
            [
              51.4352929,
              35.8245408
            ],
            [
              51.4354894,
              35.8244507
            ],
            [
              51.4358687,
              35.8242594
            ],
            [
              51.4361478,
              35.8240809
            ],
            [
              51.4362894,
              35.8238559
            ],
            [
              51.4363147,
              35.8237544
            ],
            [
              51.4361444,
              35.8236787
            ],
            [
              51.4361349,
              35.8235499
            ],
            [
              51.4359882,
              35.8235027
            ],
            [
              51.4359525,
              35.8234051
            ],
            [
              51.4359783,
              35.8232219
            ],
            [
              51.436056,
              35.8230445
            ],
            [
              51.4360887,
              35.8226102
            ],
            [
              51.4355908,
              35.8226192
            ],
            [
              51.4355875,
              35.8225452
            ],
            [
              51.4356657,
              35.8223851
            ],
            [
              51.4357526,
              35.8222369
            ],
            [
              51.4357873,
              35.822127
            ],
            [
              51.4357524,
              35.8220221
            ],
            [
              51.4357408,
              35.821956
            ],
            [
              51.4357594,
              35.8213231
            ],
            [
              51.4358923,
              35.8211652
            ],
            [
              51.4366242,
              35.8208512
            ],
            [
              51.4369146,
              35.8207055
            ],
            [
              51.4377687,
              35.82024
            ],
            [
              51.4381491,
              35.8201599
            ],
            [
              51.4383623,
              35.8201688
            ],
            [
              51.438665,
              35.8202344
            ],
            [
              51.438788,
              35.8202387
            ],
            [
              51.4389255,
              35.8202
            ],
            [
              51.4390844,
              35.8201011
            ],
            [
              51.4392772,
              35.8199309
            ],
            [
              51.4393059,
              35.8199153
            ],
            [
              51.4395655,
              35.8197765
            ],
            [
              51.4397615,
              35.8197161
            ],
            [
              51.4400943,
              35.8196916
            ],
            [
              51.4404808,
              35.8196791
            ],
            [
              51.4408047,
              35.8196469
            ],
            [
              51.4411393,
              35.8195789
            ],
            [
              51.4416041,
              35.8194245
            ],
            [
              51.4417942,
              35.8193713
            ],
            [
              51.4419815,
              35.8193301
            ],
            [
              51.4423708,
              35.8192905
            ],
            [
              51.4427017,
              35.8192773
            ],
            [
              51.4429478,
              35.8192979
            ],
            [
              51.4430502,
              35.8192808
            ],
            [
              51.4432901,
              35.8192179
            ],
            [
              51.4436796,
              35.8192093
            ],
            [
              51.4443595,
              35.8192736
            ],
            [
              51.4446376,
              35.8193199
            ],
            [
              51.4450745,
              35.8193473
            ],
            [
              51.4452854,
              35.8193441
            ],
            [
              51.445464,
              35.8193363
            ],
            [
              51.4458068,
              35.8193012
            ],
            [
              51.4468512,
              35.819126
            ],
            [
              51.4474841,
              35.818136
            ],
            [
              51.447466,
              35.8180311
            ],
            [
              51.4478205,
              35.8180558
            ],
            [
              51.4486412,
              35.8181603
            ],
            [
              51.4485889,
              35.8177144
            ],
            [
              51.4484717,
              35.8177101
            ],
            [
              51.4483928,
              35.8172261
            ],
            [
              51.4487859,
              35.8173249
            ],
            [
              51.4490263,
              35.8173669
            ],
            [
              51.4493017,
              35.8173921
            ],
            [
              51.4496093,
              35.8173981
            ],
            [
              51.4498113,
              35.8173807
            ],
            [
              51.449954,
              35.8173221
            ],
            [
              51.4501502,
              35.8172315
            ],
            [
              51.4504989,
              35.8172612
            ],
            [
              51.4505648,
              35.8173456
            ],
            [
              51.4508384,
              35.8172146
            ],
            [
              51.4511133,
              35.8181797
            ],
            [
              51.4512311,
              35.818289
            ],
            [
              51.4513893,
              35.8183027
            ],
            [
              51.4514102,
              35.818367
            ],
            [
              51.4511999,
              35.81848
            ],
            [
              51.4511034,
              35.8185042
            ],
            [
              51.4511299,
              35.8185446
            ],
            [
              51.4511363,
              35.8186138
            ],
            [
              51.4511446,
              35.8186183
            ],
            [
              51.4513208,
              35.818683
            ],
            [
              51.4519326,
              35.8188877
            ],
            [
              51.4520964,
              35.8189456
            ],
            [
              51.4523519,
              35.8189592
            ],
            [
              51.4526263,
              35.8189899
            ],
            [
              51.4532476,
              35.8190472
            ],
            [
              51.4534968,
              35.8190915
            ],
            [
              51.4536318,
              35.819134
            ],
            [
              51.4538164,
              35.8191643
            ],
            [
              51.4540479,
              35.8191801
            ],
            [
              51.4543087,
              35.819203
            ],
            [
              51.4544348,
              35.8192192
            ],
            [
              51.4547088,
              35.8193247
            ],
            [
              51.4551068,
              35.8194552
            ],
            [
              51.455662,
              35.8197394
            ],
            [
              51.4560209,
              35.8199163
            ],
            [
              51.4565856,
              35.8202165
            ],
            [
              51.4568079,
              35.82036
            ],
            [
              51.4570593,
              35.8205658
            ],
            [
              51.4572054,
              35.8207235
            ],
            [
              51.4573045,
              35.8208415
            ],
            [
              51.457406,
              35.8209756
            ],
            [
              51.4575605,
              35.8212587
            ],
            [
              51.4576877,
              35.8215733
            ],
            [
              51.4577746,
              35.821825
            ],
            [
              51.4578764,
              35.8223002
            ],
            [
              51.4579121,
              35.8223931
            ],
            [
              51.4580074,
              35.822498
            ],
            [
              51.4581586,
              35.8226175
            ],
            [
              51.4583604,
              35.8227015
            ],
            [
              51.4584499,
              35.8227083
            ],
            [
              51.4585905,
              35.8226982
            ],
            [
              51.4587632,
              35.8226785
            ],
            [
              51.4589036,
              35.8226541
            ],
            [
              51.4590342,
              35.822653
            ],
            [
              51.4591106,
              35.8226676
            ],
            [
              51.4592965,
              35.8227146
            ],
            [
              51.4595991,
              35.8228733
            ],
            [
              51.4595351,
              35.8229475
            ],
            [
              51.4594712,
              35.8230384
            ],
            [
              51.4597117,
              35.8231296
            ],
            [
              51.4597873,
              35.8231519
            ],
            [
              51.4599113,
              35.8231822
            ],
            [
              51.4599722,
              35.8230627
            ],
            [
              51.4601979,
              35.8230928
            ],
            [
              51.460289,
              35.823145
            ],
            [
              51.4603682,
              35.8231733
            ],
            [
              51.4605466,
              35.8231201
            ],
            [
              51.4606344,
              35.8231102
            ],
            [
              51.461059,
              35.82308
            ],
            [
              51.4610439,
              35.8230133
            ],
            [
              51.4611529,
              35.8229956
            ],
            [
              51.4613826,
              35.8229835
            ],
            [
              51.4614484,
              35.8229945
            ],
            [
              51.4615978,
              35.8230517
            ],
            [
              51.4615193,
              35.8231641
            ],
            [
              51.4617781,
              35.8233396
            ],
            [
              51.4620389,
              35.8233506
            ],
            [
              51.4620607,
              35.8231291
            ],
            [
              51.462127,
              35.8231001
            ],
            [
              51.4621788,
              35.8230863
            ],
            [
              51.4622328,
              35.8230906
            ],
            [
              51.4624131,
              35.8231598
            ],
            [
              51.4625168,
              35.8231414
            ],
            [
              51.4627239,
              35.8231677
            ],
            [
              51.4628111,
              35.8231741
            ],
            [
              51.4628762,
              35.8231851
            ],
            [
              51.463028,
              35.8232318
            ],
            [
              51.463412,
              35.8237035
            ],
            [
              51.4636335,
              35.8241791
            ],
            [
              51.4638102,
              35.8249677
            ],
            [
              51.4638432,
              35.8255212
            ],
            [
              51.46404,
              35.8257803
            ],
            [
              51.4642284,
              35.8259242
            ],
            [
              51.464187,
              35.8260712
            ],
            [
              51.463642,
              35.8261356
            ],
            [
              51.4634111,
              35.82622
            ],
            [
              51.46318,
              35.826271
            ],
            [
              51.4629166,
              35.8263102
            ],
            [
              51.4627059,
              35.8263492
            ],
            [
              51.4623313,
              35.8264007
            ],
            [
              51.4621017,
              35.8264153
            ],
            [
              51.4619389,
              35.8264332
            ],
            [
              51.461865,
              35.8264937
            ],
            [
              51.4619601,
              35.8265226
            ],
            [
              51.4622487,
              35.8266246
            ],
            [
              51.4627231,
              35.8269884
            ],
            [
              51.462816,
              35.8271287
            ],
            [
              51.4627953,
              35.8274118
            ],
            [
              51.462783,
              35.8275249
            ],
            [
              51.4627204,
              35.8276451
            ],
            [
              51.4626296,
              35.8277715
            ],
            [
              51.462448,
              35.8280033
            ],
            [
              51.4623736,
              35.8281143
            ],
            [
              51.4623738,
              35.8281583
            ],
            [
              51.4623951,
              35.8281964
            ],
            [
              51.4625119,
              35.8282464
            ],
            [
              51.4625998,
              35.828258
            ],
            [
              51.4626641,
              35.8282339
            ],
            [
              51.4627094,
              35.8281799
            ],
            [
              51.4627936,
              35.8281337
            ],
            [
              51.4628615,
              35.8281067
            ],
            [
              51.4629365,
              35.8281026
            ],
            [
              51.4629977,
              35.8281272
            ],
            [
              51.4630568,
              35.8282091
            ],
            [
              51.4631232,
              35.8283196
            ],
            [
              51.4631636,
              35.8284111
            ],
            [
              51.4632061,
              35.8284702
            ],
            [
              51.4632742,
              35.828468
            ],
            [
              51.463389,
              35.8284465
            ],
            [
              51.4634661,
              35.8283928
            ],
            [
              51.4635243,
              35.8283219
            ],
            [
              51.4635357,
              35.8282512
            ],
            [
              51.46364,
              35.8280312
            ],
            [
              51.4637026,
              35.8279125
            ],
            [
              51.4637726,
              35.8278378
            ],
            [
              51.4639172,
              35.8276978
            ],
            [
              51.4641095,
              35.827521
            ],
            [
              51.4642075,
              35.8274637
            ],
            [
              51.4643433,
              35.8273519
            ],
            [
              51.4644164,
              35.8273302
            ],
            [
              51.4644984,
              35.8273227
            ],
            [
              51.4645981,
              35.8273438
            ],
            [
              51.4647623,
              35.8273646
            ],
            [
              51.4649118,
              35.8273903
            ],
            [
              51.465066,
              35.8274554
            ],
            [
              51.4652553,
              35.8275249
            ],
            [
              51.4654403,
              35.8275755
            ],
            [
              51.4655726,
              35.827575
            ],
            [
              51.4657788,
              35.8275538
            ],
            [
              51.4660025,
              35.8275554
            ],
            [
              51.4661753,
              35.8275643
            ],
            [
              51.4663689,
              35.8276041
            ],
            [
              51.4665917,
              35.8276414
            ],
            [
              51.4666886,
              35.8276816
            ],
            [
              51.4667739,
              35.8277409
            ],
            [
              51.4669144,
              35.8276967
            ],
            [
              51.4670075,
              35.8276343
            ],
            [
              51.4674231,
              35.8274889
            ],
            [
              51.4678026,
              35.8273313
            ],
            [
              51.4679016,
              35.8272308
            ],
            [
              51.4679446,
              35.8270708
            ],
            [
              51.4679727,
              35.8268679
            ],
            [
              51.4680194,
              35.8262259
            ],
            [
              51.4681697,
              35.8259964
            ],
            [
              51.4682483,
              35.8259078
            ],
            [
              51.4683326,
              35.8257954
            ],
            [
              51.4684973,
              35.8254131
            ],
            [
              51.468554,
              35.825086
            ],
            [
              51.4685257,
              35.8247569
            ],
            [
              51.468612,
              35.8244966
            ],
            [
              51.4686866,
              35.8242267
            ],
            [
              51.4688168,
              35.8239471
            ],
            [
              51.4689503,
              35.8237486
            ],
            [
              51.4690261,
              35.8236744
            ],
            [
              51.4694201,
              35.8234414
            ],
            [
              51.4695339,
              35.8233393
            ],
            [
              51.4697212,
              35.8231902
            ],
            [
              51.4698696,
              35.8231773
            ],
            [
              51.4700396,
              35.8231861
            ],
            [
              51.4701273,
              35.8231595
            ],
            [
              51.4702913,
              35.8230484
            ],
            [
              51.4706465,
              35.822783
            ],
            [
              51.4709535,
              35.8226193
            ],
            [
              51.4714405,
              35.8224638
            ],
            [
              51.4716184,
              35.8221971
            ],
            [
              51.4717754,
              35.8220033
            ],
            [
              51.4719035,
              35.8218763
            ],
            [
              51.4721106,
              35.8217324
            ],
            [
              51.4723285,
              35.8216055
            ],
            [
              51.4724927,
              35.8214589
            ],
            [
              51.4726468,
              35.8212699
            ],
            [
              51.4727053,
              35.8212506
            ],
            [
              51.4730136,
              35.8211311
            ],
            [
              51.4736114,
              35.8209321
            ],
            [
              51.4737606,
              35.8209005
            ],
            [
              51.4739419,
              35.8208473
            ],
            [
              51.4740122,
              35.8208542
            ],
            [
              51.4740587,
              35.8208637
            ],
            [
              51.4743519,
              35.8208256
            ],
            [
              51.4748181,
              35.8207443
            ],
            [
              51.474845,
              35.8207465
            ],
            [
              51.4750079,
              35.8207957
            ],
            [
              51.4755435,
              35.8209238
            ],
            [
              51.4757573,
              35.8209183
            ],
            [
              51.4760129,
              35.8208942
            ],
            [
              51.4761178,
              35.8208744
            ],
            [
              51.4759192,
              35.821184
            ],
            [
              51.4760556,
              35.8212169
            ],
            [
              51.4764649,
              35.8214022
            ],
            [
              51.4770593,
              35.8215986
            ],
            [
              51.4773847,
              35.8215575
            ],
            [
              51.4775157,
              35.8215051
            ],
            [
              51.4777754,
              35.8214213
            ],
            [
              51.4778212,
              35.8214283
            ],
            [
              51.4778948,
              35.821431
            ],
            [
              51.4780356,
              35.8214283
            ],
            [
              51.4781229,
              35.821293
            ],
            [
              51.4782442,
              35.8211934
            ],
            [
              51.4783786,
              35.8211095
            ],
            [
              51.4785853,
              35.8210101
            ],
            [
              51.4787634,
              35.8209305
            ],
            [
              51.4788641,
              35.8209087
            ],
            [
              51.4789951,
              35.8208712
            ],
            [
              51.4793896,
              35.8207834
            ],
            [
              51.4795088,
              35.8207663
            ],
            [
              51.4795709,
              35.8207655
            ],
            [
              51.4796594,
              35.8207816
            ],
            [
              51.4797685,
              35.82081
            ],
            [
              51.479924,
              35.8207994
            ],
            [
              51.4801998,
              35.8207242
            ],
            [
              51.4804123,
              35.8206711
            ],
            [
              51.4806253,
              35.8206403
            ],
            [
              51.4809321,
              35.8206064
            ],
            [
              51.4810641,
              35.8205347
            ],
            [
              51.4811864,
              35.820442
            ],
            [
              51.4812931,
              35.8203141
            ],
            [
              51.4813747,
              35.820188
            ],
            [
              51.4814707,
              35.8200803
            ],
            [
              51.4817391,
              35.8199003
            ],
            [
              51.4819056,
              35.8198376
            ],
            [
              51.4820139,
              35.8198133
            ],
            [
              51.4823095,
              35.8197835
            ],
            [
              51.4823854,
              35.8197379
            ],
            [
              51.4827065,
              35.8195648
            ],
            [
              51.4830365,
              35.8193989
            ],
            [
              51.4833462,
              35.8192807
            ],
            [
              51.4836948,
              35.8192746
            ],
            [
              51.4837498,
              35.8191765
            ],
            [
              51.4838134,
              35.8190332
            ],
            [
              51.4839125,
              35.8188876
            ],
            [
              51.4842367,
              35.8187477
            ],
            [
              51.4847111,
              35.818791
            ],
            [
              51.4849665,
              35.8188902
            ],
            [
              51.4852624,
              35.8188984
            ],
            [
              51.485544,
              35.8189642
            ],
            [
              51.4860028,
              35.8189653
            ],
            [
              51.4863036,
              35.8191349
            ],
            [
              51.4865076,
              35.8190606
            ],
            [
              51.4870081,
              35.8191537
            ],
            [
              51.48763,
              35.8191325
            ],
            [
              51.4877363,
              35.8191431
            ],
            [
              51.4878452,
              35.8193606
            ],
            [
              51.4878558,
              35.8199916
            ],
            [
              51.4878709,
              35.8202081
            ],
            [
              51.4879651,
              35.8204566
            ],
            [
              51.4882738,
              35.8203766
            ],
            [
              51.4884346,
              35.8203262
            ],
            [
              51.488567,
              35.8202908
            ],
            [
              51.4887382,
              35.8201965
            ],
            [
              51.4888606,
              35.820404
            ],
            [
              51.4889269,
              35.8204846
            ],
            [
              51.4890596,
              35.8205919
            ],
            [
              51.4892069,
              35.8206884
            ],
            [
              51.4893282,
              35.8208715
            ],
            [
              51.4894117,
              35.8209712
            ],
            [
              51.4895085,
              35.8211475
            ],
            [
              51.4895337,
              35.8213724
            ],
            [
              51.489589,
              35.8214556
            ],
            [
              51.4896579,
              35.8215251
            ],
            [
              51.4898101,
              35.8216355
            ],
            [
              51.4899818,
              35.8217223
            ],
            [
              51.490051,
              35.821806
            ],
            [
              51.4900985,
              35.8219467
            ],
            [
              51.4901203,
              35.8220802
            ],
            [
              51.4905552,
              35.8222259
            ],
            [
              51.4907522,
              35.8224318
            ],
            [
              51.4907749,
              35.8225479
            ],
            [
              51.4910035,
              35.8227047
            ],
            [
              51.4913672,
              35.8229067
            ],
            [
              51.4913794,
              35.8228991
            ],
            [
              51.4914758,
              35.8229772
            ],
            [
              51.4917888,
              35.82282
            ],
            [
              51.4916556,
              35.8225963
            ],
            [
              51.4916017,
              35.8224009
            ],
            [
              51.4915652,
              35.8221768
            ],
            [
              51.4915463,
              35.821967
            ],
            [
              51.4915456,
              35.8218501
            ],
            [
              51.4915563,
              35.8216878
            ],
            [
              51.4915882,
              35.8214713
            ],
            [
              51.4916218,
              35.8213706
            ],
            [
              51.4916794,
              35.8212293
            ],
            [
              51.4918045,
              35.8210881
            ],
            [
              51.4924754,
              35.8209354
            ],
            [
              51.4925883,
              35.8209004
            ],
            [
              51.4927286,
              35.8208399
            ],
            [
              51.4928333,
              35.8207742
            ],
            [
              51.4929529,
              35.8206733
            ],
            [
              51.4930385,
              35.820532
            ],
            [
              51.4930801,
              35.8203789
            ],
            [
              51.4931136,
              35.8200978
            ],
            [
              51.4931747,
              35.8198676
            ],
            [
              51.4932655,
              35.8196952
            ],
            [
              51.4933978,
              35.8195115
            ],
            [
              51.4935974,
              35.8192736
            ],
            [
              51.4937532,
              35.8191121
            ],
            [
              51.4939176,
              35.8189769
            ],
            [
              51.4940971,
              35.8188537
            ],
            [
              51.4945758,
              35.8185692
            ],
            [
              51.4947199,
              35.8184695
            ],
            [
              51.4947896,
              35.8184128
            ],
            [
              51.4949513,
              35.8182622
            ],
            [
              51.4950382,
              35.8182016
            ],
            [
              51.4951138,
              35.8181754
            ],
            [
              51.4954405,
              35.817906
            ],
            [
              51.4956298,
              35.8177305
            ],
            [
              51.4956835,
              35.8176903
            ],
            [
              51.4955995,
              35.817623
            ],
            [
              51.4958071,
              35.8174161
            ],
            [
              51.4958728,
              35.8173645
            ],
            [
              51.4959413,
              35.817294
            ],
            [
              51.496001,
              35.8171956
            ],
            [
              51.4960788,
              35.8171247
            ],
            [
              51.4961497,
              35.8170912
            ],
            [
              51.4962025,
              35.8171005
            ],
            [
              51.496302,
              35.8171243
            ],
            [
              51.4964225,
              35.8171473
            ],
            [
              51.4965779,
              35.8171848
            ],
            [
              51.4967364,
              35.8172319
            ],
            [
              51.4968538,
              35.8172719
            ],
            [
              51.4970356,
              35.8172998
            ],
            [
              51.4971824,
              35.8173636
            ],
            [
              51.4973256,
              35.8173201
            ],
            [
              51.4974573,
              35.8172933
            ],
            [
              51.4975243,
              35.8172429
            ],
            [
              51.4975743,
              35.8171522
            ],
            [
              51.4976731,
              35.8168771
            ],
            [
              51.4976727,
              35.8168408
            ],
            [
              51.4976652,
              35.8167759
            ],
            [
              51.4976454,
              35.8167002
            ],
            [
              51.4976081,
              35.8166371
            ],
            [
              51.4975433,
              35.816554
            ],
            [
              51.4975059,
              35.8164883
            ],
            [
              51.4974434,
              35.8162966
            ],
            [
              51.4974346,
              35.816225
            ],
            [
              51.4974317,
              35.8161464
            ],
            [
              51.4974365,
              35.816078
            ],
            [
              51.4974609,
              35.8159837
            ],
            [
              51.4974843,
              35.8159523
            ],
            [
              51.4975328,
              35.8159049
            ],
            [
              51.4977238,
              35.8158439
            ],
            [
              51.4978442,
              35.8157968
            ],
            [
              51.4980035,
              35.815753
            ],
            [
              51.4980692,
              35.8157396
            ],
            [
              51.4981116,
              35.8157156
            ],
            [
              51.4981213,
              35.8156973
            ],
            [
              51.4981131,
              35.8156801
            ],
            [
              51.4980729,
              35.8156251
            ],
            [
              51.4979867,
              35.8155262
            ],
            [
              51.4978774,
              35.8152936
            ],
            [
              51.4978773,
              35.8152452
            ],
            [
              51.4978848,
              35.8152221
            ],
            [
              51.4979296,
              35.8151693
            ],
            [
              51.4979587,
              35.8151444
            ],
            [
              51.4981483,
              35.815031
            ],
            [
              51.4981568,
              35.815039
            ],
            [
              51.4983063,
              35.8149453
            ],
            [
              51.4983711,
              35.8148992
            ],
            [
              51.4983986,
              35.8148537
            ],
            [
              51.4984748,
              35.8147487
            ],
            [
              51.4986214,
              35.814693
            ],
            [
              51.4986952,
              35.8147881
            ],
            [
              51.4988246,
              35.8148854
            ],
            [
              51.4990068,
              35.8149753
            ],
            [
              51.4994348,
              35.8150332
            ],
            [
              51.4997473,
              35.8150514
            ],
            [
              51.4999264,
              35.8155656
            ],
            [
              51.5002918,
              35.8158001
            ],
            [
              51.5004653,
              35.8159068
            ],
            [
              51.5006926,
              35.81601
            ],
            [
              51.5008733,
              35.8160506
            ],
            [
              51.5009643,
              35.8160764
            ],
            [
              51.5013544,
              35.8161631
            ],
            [
              51.501583,
              35.816186
            ],
            [
              51.5018231,
              35.8161778
            ],
            [
              51.5020982,
              35.8161552
            ],
            [
              51.5023705,
              35.8161374
            ],
            [
              51.5031253,
              35.8159958
            ],
            [
              51.5033561,
              35.8159585
            ],
            [
              51.5036433,
              35.8159436
            ],
            [
              51.5038481,
              35.8159117
            ],
            [
              51.5042253,
              35.8158123
            ],
            [
              51.5046608,
              35.815665
            ],
            [
              51.5048729,
              35.8155572
            ],
            [
              51.5050657,
              35.8153838
            ],
            [
              51.505207,
              35.8152341
            ],
            [
              51.5053306,
              35.8150658
            ],
            [
              51.5055661,
              35.8147905
            ],
            [
              51.5056125,
              35.8147115
            ],
            [
              51.5056266,
              35.8146328
            ],
            [
              51.5062995,
              35.8149249
            ],
            [
              51.5068632,
              35.8151858
            ],
            [
              51.5074213,
              35.815453
            ],
            [
              51.5064056,
              35.8169383
            ],
            [
              51.5076221,
              35.8175701
            ],
            [
              51.5076784,
              35.8176605
            ],
            [
              51.5077854,
              35.8179058
            ],
            [
              51.5079133,
              35.8182403
            ],
            [
              51.5080824,
              35.8185582
            ],
            [
              51.5082203,
              35.8187643
            ],
            [
              51.5087882,
              35.8185409
            ],
            [
              51.5089811,
              35.8184756
            ],
            [
              51.5090008,
              35.8183491
            ],
            [
              51.509242,
              35.8171362
            ],
            [
              51.5094384,
              35.817164
            ],
            [
              51.5095593,
              35.8171972
            ],
            [
              51.5096169,
              35.816679
            ],
            [
              51.5096976,
              35.8164759
            ],
            [
              51.5098162,
              35.8162464
            ],
            [
              51.5099143,
              35.8160194
            ],
            [
              51.5098583,
              35.8159552
            ],
            [
              51.5098638,
              35.8159027
            ],
            [
              51.5099862,
              35.815802
            ],
            [
              51.509842,
              35.8157072
            ],
            [
              51.5098036,
              35.8156453
            ],
            [
              51.5098318,
              35.815471
            ],
            [
              51.5099425,
              35.8153918
            ],
            [
              51.5101439,
              35.8152741
            ],
            [
              51.5103838,
              35.8152373
            ],
            [
              51.5105503,
              35.8151722
            ],
            [
              51.510878,
              35.8150976
            ],
            [
              51.5110096,
              35.8150844
            ],
            [
              51.5110943,
              35.8150506
            ],
            [
              51.5112313,
              35.8149451
            ],
            [
              51.511292,
              35.8148886
            ],
            [
              51.5113359,
              35.814811
            ],
            [
              51.5113559,
              35.8147322
            ],
            [
              51.5114028,
              35.81459
            ],
            [
              51.5114653,
              35.8144479
            ],
            [
              51.5115551,
              35.81429
            ],
            [
              51.5116683,
              35.8141297
            ],
            [
              51.5117642,
              35.8140148
            ],
            [
              51.51184,
              35.8139572
            ],
            [
              51.5119422,
              35.8139091
            ],
            [
              51.5120972,
              35.8138774
            ],
            [
              51.5122729,
              35.8138671
            ],
            [
              51.512437,
              35.8138855
            ],
            [
              51.5125398,
              35.8139352
            ],
            [
              51.512665,
              35.8140076
            ],
            [
              51.5133071,
              35.8143899
            ],
            [
              51.513383,
              35.8144194
            ],
            [
              51.5134744,
              35.8144441
            ],
            [
              51.5136413,
              35.8144267
            ],
            [
              51.5144689,
              35.8141377
            ],
            [
              51.5148507,
              35.8139492
            ],
            [
              51.5149,
              35.8138726
            ],
            [
              51.5150455,
              35.8137336
            ],
            [
              51.5151677,
              35.8136091
            ],
            [
              51.5152722,
              35.8134631
            ],
            [
              51.5153418,
              35.8133531
            ],
            [
              51.5154141,
              35.8132048
            ],
            [
              51.5154544,
              35.8130973
            ],
            [
              51.5154829,
              35.8129779
            ],
            [
              51.5155081,
              35.8128061
            ],
            [
              51.5154974,
              35.8126975
            ],
            [
              51.5154968,
              35.8125198
            ],
            [
              51.5155173,
              35.8124172
            ],
            [
              51.5156503,
              35.8121399
            ],
            [
              51.5157113,
              35.8120633
            ],
            [
              51.5159271,
              35.8119288
            ],
            [
              51.5161023,
              35.8118574
            ],
            [
              51.5161358,
              35.811834
            ]
          ]
        ]
      },
      "properties": {
        "id": 6728830,
        "name": "منطقه ۱ شهر تهران"
      }
    }
  ]
}